{"cameraMode":{"drawMode":0,"name":"Shaded","section":"Shading Mode"},"sceneLighting":true,"audioPlay":false,"sceneViewState":{"showFog":true,"showMaterialUpdate":false,"showSkybox":true,"showFlares":true,"showImageEffects":true,"showParticleSystems":true},"in2DMode":false,"pivot":{"x":80.86419677734375,"y":8.804935455322266,"z":-34.94805145263672},"rotation":{"x":0.06459590047597885,"y":0.6662821769714356,"z":-0.05811460316181183,"w":0.7406313419342041},"size":1.1489125490188599,"orthographic":false}