{"cameraMode":{"drawMode":0,"name":"Shaded","section":"Shading Mode"},"sceneLighting":true,"audioPlay":false,"sceneViewState":{"showFog":true,"showMaterialUpdate":false,"showSkybox":false,"showFlares":true,"showImageEffects":true,"showParticleSystems":true},"in2DMode":false,"pivot":{"x":-159.75953674316407,"y":-97.39523315429688,"z":966.7003784179688},"rotation":{"x":-0.06978453695774079,"y":0.04548406973481178,"z":-0.00303066847845912,"w":-0.9966450929641724},"size":381.02203369140627,"orthographic":false}