{"cameraMode":{"drawMode":0,"name":"Shaded","section":"Shading Mode"},"sceneLighting":true,"audioPlay":false,"sceneViewState":{"showFog":true,"showMaterialUpdate":false,"showSkybox":false,"showFlares":true,"showImageEffects":true,"showParticleSystems":true},"in2DMode":false,"pivot":{"x":-135.935302734375,"y":-299.308837890625,"z":-657.7626953125},"rotation":{"x":0.026872852817177774,"y":-0.970055103302002,"z":0.20614920556545258,"w":0.12643539905548097},"size":422.3556823730469,"orthographic":false}