{"cameraMode":{"drawMode":0,"name":"Shaded","section":"Shading Mode"},"sceneLighting":true,"audioPlay":false,"sceneViewState":{"showFog":true,"showMaterialUpdate":false,"showSkybox":false,"showFlares":true,"showImageEffects":true,"showParticleSystems":true},"in2DMode":false,"pivot":{"x":33.26555633544922,"y":5.099998474121094,"z":331.71173095703127},"rotation":{"x":0.006572263780981302,"y":-0.9874210357666016,"z":0.04238302633166313,"w":0.15288029611110688},"size":422.3556823730469,"orthographic":false}