{"cameraMode":{"drawMode":0,"name":"Shaded","section":"Shading Mode"},"sceneLighting":true,"audioPlay":false,"sceneViewState":{"showFog":true,"showMaterialUpdate":false,"showSkybox":true,"showFlares":true,"showImageEffects":true,"showParticleSystems":true},"in2DMode":false,"pivot":{"x":47.02705383300781,"y":3.5049185752868654,"z":201.08619689941407},"rotation":{"x":0.040557704865932468,"y":-0.4065488576889038,"z":0.018037062138319017,"w":0.9126467108726502},"size":3.7885091304779054,"orthographic":false}