{"cameraMode":{"drawMode":0,"name":"Shaded","section":"Shading Mode"},"sceneLighting":true,"audioPlay":false,"sceneViewState":{"showFog":true,"showMaterialUpdate":false,"showSkybox":false,"showFlares":true,"showImageEffects":true,"showParticleSystems":true},"in2DMode":false,"pivot":{"x":160.3135223388672,"y":63.09906005859375,"z":386.25360107421877},"rotation":{"x":-0.01042165793478489,"y":-0.9692584276199341,"z":0.24274693429470063,"w":-0.04159964621067047},"size":2.7095232009887697,"orthographic":false}