{"cameraMode":{"drawMode":0,"name":"Shaded","section":"Shading Mode"},"sceneLighting":true,"audioPlay":false,"sceneViewState":{"showFog":true,"showMaterialUpdate":false,"showSkybox":true,"showFlares":true,"showImageEffects":true,"showParticleSystems":true},"in2DMode":false,"pivot":{"x":34.52976989746094,"y":5.737438201904297,"z":331.71173095703127},"rotation":{"x":0.20081230998039246,"y":-0.6871587634086609,"z":0.2069297879934311,"w":0.6668491363525391},"size":421.6870422363281,"orthographic":false}