{"cameraMode":{"drawMode":0,"name":"Shaded","section":"Shading Mode"},"sceneLighting":true,"audioPlay":false,"sceneViewState":{"showFog":true,"showMaterialUpdate":false,"showSkybox":true,"showFlares":true,"showImageEffects":true,"showParticleSystems":true},"in2DMode":false,"pivot":{"x":34.52976989746094,"y":58.07396697998047,"z":331.71173095703127},"rotation":{"x":0.2564450800418854,"y":-0.7201284766197205,"z":0.33544304966926577,"w":0.5506371855735779},"size":434.25006103515627,"orthographic":false}