{"cameraMode":{"drawMode":0,"name":"Shaded","section":"Shading Mode"},"sceneLighting":true,"audioPlay":false,"sceneViewState":{"showFog":true,"showMaterialUpdate":false,"showSkybox":true,"showFlares":true,"showImageEffects":true,"showParticleSystems":true},"in2DMode":false,"pivot":{"x":71.54195404052735,"y":28.523265838623048,"z":-28.848798751831056},"rotation":{"x":-0.04137285426259041,"y":0.035674843937158588,"z":-0.0012523953337222338,"w":-0.9986210465431213},"size":3.7885091304779054,"orthographic":false}