{"cameraMode":{"drawMode":0,"name":"Shaded","section":"Shading Mode"},"sceneLighting":false,"audioPlay":false,"sceneViewState":{"showFog":true,"showMaterialUpdate":false,"showSkybox":true,"showFlares":true,"showImageEffects":true,"showParticleSystems":true},"in2DMode":false,"pivot":{"x":-337.5876770019531,"y":11.675263404846192,"z":-217.52195739746095},"rotation":{"x":-0.0463080108165741,"y":0.9335720539093018,"z":-0.13023951649665833,"w":-0.3306673765182495},"size":156.85589599609376,"orthographic":false}