{"cameraMode":{"drawMode":0,"name":"Shaded","section":"Shading Mode"},"sceneLighting":true,"audioPlay":false,"sceneViewState":{"showFog":true,"showMaterialUpdate":false,"showSkybox":true,"showFlares":true,"showImageEffects":true,"showParticleSystems":true},"in2DMode":false,"pivot":{"x":-349.7222595214844,"y":210.476318359375,"z":-67.85813903808594},"rotation":{"x":0.35592588782310488,"y":0.0083669638261199,"z":-0.0033110224176198246,"w":0.934533953666687},"size":0.9518568515777588,"orthographic":false}